{
  "bb_res": [
    {
      "middle": 48.385,
      "upper": 48.835,
      "lower": 47.934999999999995,
      "pb": 0.75
    }
  ],
  "kc_res": [
    {
      "upper": 21.733333333333334,
      "lower": 17.83333333333333,
      "mid": 19.78333333333333
    },
    {
      "upper": 22.583333333333336,
      "lower": 19.28333333333333,
      "mid": 20.933333333333334
    },
    {
      "upper": 24.266666666666666,
      "lower": 18.866666666666667,
      "mid": 21.566666666666666
    }
  ]
}
